{
	"format_version": "1.8.0",
	"animations": {
		"move2": {
			"animation_length": 8,
			"bones": {
				"camera": {
					"rotation": {
						"0.0": {
							"vector": [25.35171, -18.207, -8.65482]
						},
						"2.0": {
							"vector": [25.35171, 18.207, 8.18699]
						},
						"4.0": {
							"vector": [25.35171, 18.207, 8.18699]
						},
						"6.0": {
							"vector": [25.35171, -18.207, -8.65482]
						}
					},
					"position": {
						"0.0": {
							"vector": [1, -1, 0.5]
						},
						"2.0": {
							"vector": [-1, -1, 0.5]
						},
						"4.0": {
							"vector": [-1, -1, 0.5]
						},
						"6.0": {
							"vector": [1, -1, 0.5]
						}
					}
				}
			}
		}
	}
}